id;nombre;apellido;dni;seguro_medico;fecha_nacimiento;telefono
1;sour stratify zowie;woot zowie enrage;unearth;mindless dual;2025-05-19;provided silent adumbrate
2;fooey blissfully dazzling;yet;saw neck;interestingly round second-hand;2025-05-18;comfortable ramp motor
3;boohoo;disapprove;behind phooey;other hexagon;2025-05-18;even
4;boohoo;ouch oxidise joyfully;readjust for which;taxicab;2025-05-18;circa to
5;substitution;while;metabolite;if ew typeface;2025-05-19;brr times whoa
6;chow exotic unexpectedly;trim though pro;gah;ha gee carboxyl;2025-05-19;developing recede rally
7;awareness;posh behind;daintily although restaurant;since;2025-05-19;heighten
8;kinase;when while colorize;sheathe;onto hm adrenalin;2025-05-19;yahoo
9;finally shy;sans sweetly ack;consequently;until deduction colour;2025-05-18;unnecessarily
10;doodle border;loosely uncomfortable hovel;aching past yet;diligently homely;2025-05-18;dereference rightfully
